Model,Scenario,RMSE,MAE,Hit Rate@10,ARHR@10,MAP@10,NDCG@10
KNNBasic,No Attack,0.980150596704479,0.7726923699816388,0.9829787234042553,0.890143110435664,0.5121885764944274,0.895986319562696
KNNBasic,Random Attack,0.9800688595002585,0.7727777334035564,0.9829787234042553,0.8891147416413376,0.5123017561634582,0.8959385816827369
KNNBasic,Average Attack,0.9799592592511369,0.7727813029364478,0.9829787234042553,0.8894946808510641,0.5118406788247214,0.8959731282833163
KNNWithMeans,No Attack,0.9319202088565463,0.731999350815681,0.9819148936170212,0.8909751773049647,0.5120495187436679,0.89641497235867
KNNWithMeans,Random Attack,0.9330583982921956,0.7333977468712056,0.9819148936170212,0.8910638297872342,0.5123086372847016,0.8966105913280352
KNNWithMeans,Average Attack,0.9339829179035597,0.7346695104682716,0.9819148936170212,0.8886702127659576,0.5116899273893962,0.8958805123428933
SVD,No Attack,0.9358194639687774,0.7376863078442051,0.9829787234042553,0.8898091860857823,0.5122016632894297,0.8955771157682172
SVD,Random Attack,0.9402967208252966,0.741749173106671,0.9829787234042553,0.8808789260385009,0.5062693346842286,0.8913699516947061
SVD,Average Attack,0.9372495290513052,0.7393894115340285,0.9819148936170212,0.8854521276595746,0.5108123522458632,0.8941966614738099
